Workbook

Sheet Bheights
A1: colony | B1: year | C1: Site | D1: track | E1: sample | F1: ccoldday | G1: warmday | H1: gulf | I1: height | J1: tf | K1: hname | L1: Bheight | M1: minage
A2: ala01 | B2: 2005 | C2: AlAqah | D2: t1 | E2: ala01_t1 | F2: 38 | G2: 303 | H2: oman | I2: 7 | J2: TRUE | K2: =CONCATENATE(A2, B2) -> ala012005 | L2: =VLOOKUP(K2,BheightCalcs!I$1:M$429, 5, FALSE) -> 2.12625 | M2: =VLOOKUP(A2, BheightCalcs!P$1:S$39, 4, FALSE) -> 8
A3: ala01 | B3: 2006 | C3: AlAqah | D3: t1 | E3: ala01_t1 | F3: 25 | G3: 294 | H3: oman | I3: 7 | J3: TRUE | K3: =CONCATENATE(A3, B3) -> ala012006 | L3: =VLOOKUP(K3,BheightCalcs!I$1:M$429, 5, FALSE) -> 2.5955 | M3: =VLOOKUP(A3, BheightCalcs!P$1:S$39, 4, FALSE) -> 8
A4: ala01 | B4: 2006 | C4: AlAqah | D4: t2 | E4: ala01_t2 | F4: 25 | G4: 294 | H4: oman | I4: 7 | J4: TRUE | K4: =CONCATENATE(A4, B4) -> ala012006 | L4: =VLOOKUP(K4,BheightCalcs!I$1:M$429, 5, FALSE) -> 2.5955 | M4: =VLOOKUP(A4, BheightCalcs!P$1:S$39, 4, FALSE) -> 8
A5: ala01 | B5: 2007 | C5: AlAqah | D5: t2 | E5: ala01_t2 | F5: 66 | G5: 286 | H5: oman | I5: 7 | J5: TRUE | K5: =CONCATENATE(A5, B5) -> ala012007 | L5: =VLOOKUP(K5,BheightCalcs!I$1:M$429, 5, FALSE) -> 3.3321 | M5: =VLOOKUP(A5, BheightCalcs!P$1:S$39, 4, FALSE) -> 8
A6: ala01 | B6: 2007 | C6: AlAqah | D6: t1 | E6: ala01_t1 | F6: 66 | G6: 286 | H6: oman | I6: 7 | J6: TRUE | K6: =CONCATENATE(A6, B6) -> ala012007 | L6: =VLOOKUP(K6,BheightCalcs!I$1:M$429, 5, FALSE) -> 3.3321 | M6: =VLOOKUP(A6, BheightCalcs!P$1:S$39, 4, FALSE) -> 8
A7: ala01 | B7: 2008 | C7: AlAqah | D7: t2 | E7: ala01_t2 | F7: 53 | G7: 299 | H7: oman | I7: 7 | J7: TRUE | K7: =CONCATENATE(A7, B7) -> ala012008 | L7: =VLOOKUP(K7,BheightCalcs!I$1:M$429, 5, FALSE) -> 3.94255 | M7: =VLOOKUP(A7, BheightCalcs!P$1:S$39, 4, FALSE) -> 8
A8: ala01 | B8: 2008 | C8: AlAqah | D8: t1 | E8: ala01_t1 | F8: 53 | G8: 299 | H8: oman | I8: 7 | J8: TRUE | K8: =CONCATENATE(A8, B8) -> ala012008 | L8: =VLOOKUP(K8,BheightCalcs!I$1:M$429, 5, FALSE) -> 3.94255 | M8: =VLOOKUP(A8, BheightCalcs!P$1:S$39, 4, FALSE) -> 8
A9: ala01 | B9: 2009 | C9: AlAqah | D9: t2 | E9: ala01_t2 | F9: 44 | G9: 288 | H9: oman | I9: 7 | J9: TRUE | K9: =CONCATENATE(A9, B9) -> ala012009 | L9: =VLOOKUP(K9,BheightCalcs!I$1:M$429, 5, FALSE) -> 4.4446 | M9: =VLOOKUP(A9, BheightCalcs!P$1:S$39, 4, FALSE) -> 8
A10: ala01 | B10: 2009 | C10: AlAqah | D10: t1 | E10: ala01_t1 | F10: 44 | G10: 288 | H10: oman | I10: 7 | J10: TRUE | K10: =CONCATENATE(A10, B10) -> ala012009 | L10: =VLOOKUP(K10,BheightCalcs!I$1:M$429, 5, FALSE) -> 4.4446 | M10: =VLOOKUP(A10, BheightCalcs!P$1:S$39, 4, FALSE) -> 8
A11: ala01 | B11: 2010 | C11: AlAqah | D11: t1 | E11: ala01_t1 | F11: 40 | G11: 282 | H11: oman | I11: 7 | J11: TRUE | K11: =CONCATENATE(A11, B11) -> ala012010 | L11: =VLOOKUP(K11,BheightCalcs!I$1:M$429, 5, FALSE) -> 5.00965 | M11: =VLOOKUP(A11, BheightCalcs!P$1:S$39, 4, FALSE) -> 8
A12: ala01 | B12: 2010 | C12: AlAqah | D12: t2 | E12: ala01_t2 | F12: 40 | G12: 282 | H12: oman | I12: 7 | J12: TRUE | K12: =CONCATENATE(A12, B12) -> ala012010 | L12: =VLOOKUP(K12,BheightCalcs!I$1:M$429, 5, FALSE) -> 5.00965 | M12: =VLOOKUP(A12, BheightCalcs!P$1:S$39, 4, FALSE) -> 8
A13: ala01 | B13: 2011 | C13: AlAqah | D13: t1 | E13: ala01_t1 | F13: 66 | G13: 284 | H13: oman | I13: 7 | J13: TRUE | K13: =CONCATENATE(A13, B13) -> ala012011 | L13: =VLOOKUP(K13,BheightCalcs!I$1:M$429, 5, FALSE) -> 5.5898 | M13: =VLOOKUP(A13, BheightCalcs!P$1:S$39, 4, FALSE) -> 8
... A759: sad22 | B759: 2013 | C759: Saadiyat | D759: t2 | E759: sad22_t2 | F759: 20 | G759: 299 | H759: gulf | I759: 7 | J759: TRUE | K759: =CONCATENATE(A759, B759) -> sad222013 | L759: =VLOOKUP(K759,BheightCalcs!I$1:M$429, 5, FALSE) -> 7 | M759: =VLOOKUP(A759, BheightCalcs!P$1:S$39, 4, FALSE) -> 9

Sheet BheightCalcs
G1: colony | H1: Row Labels | I1: newlab | J1: Average of extension | K1: Max of height | L1: jsjs | M1: Bheight | P1: colony | Q1: maxyear | R1: minyear | S1: minage
G2: ala01 | H2: 2005 | I2: =CONCATENATE(G2,H2) -> ala012005 | J2: 0.6155 | K2: 7 | L2: =L3-J3 -> 2.12625 | M2: 2.12625 | P2: ala01 | Q2: 2013 | R2: 2005 | S2: =Q2-R2 -> 8
A3: Row Labels | B3: Average of extension | C3: Max of height | G3: ala01 | H3: 2006 | I3: =CONCATENATE(G3,H3) -> ala012006 | J3: 0.46925 | K3: 7 | L3: =L4-J4 -> 2.5955 | M3: 2.5955 | P3: ala02 | Q3: 2013 | R3: 2010 | S3: =Q3-R3 -> 3
A4: ala01 | B4: 0.60958824 | C4: 7 | G4: ala01 | H4: 2007 | I4: =CONCATENATE(G4,H4) -> ala012007 | J4: 0.7366 | K4: 7 | L4: =L5-J5 -> 3.3321 | M4: 3.3321 | P4: ala08 | Q4: 2013 | R4: 2005 | S4: =Q4-R4 -> 8
A5: 2005 | B5: 0.6155 | C5: 7 | G5: ala01 | H5: 2008 | I5: =CONCATENATE(G5,H5) -> ala012008 | J5: 0.61045 | K5: 7 | L5: =L6-J6 -> 3.94255 | M5: 3.94255 | P5: ala10 | Q5: 2013 | R5: 2002 | S5: =Q5-R5 -> 11
A6: 2006 | B6: 0.46925 | C6: 7 | G6: ala01 | H6: 2009 | I6: =CONCATENATE(G6,H6) -> ala012009 | J6: 0.50205 | K6: 7 | L6: =L7-J7 -> 4.4446 | M6: 4.4446 | P6: ala12 | Q6: 2013 | R6: 2000 | S6: =Q6-R6 -> 13
A7: 2007 | B7: 0.7366 | C7: 7 | G7: ala01 | H7: 2010 | I7: =CONCATENATE(G7,H7) -> ala012010 | J7: 0.56505 | K7: 7 | L7: =L8-J8 -> 5.00965 | M7: 5.00965 | P7: ala14 | Q7: 2013 | R7: 2010 | S7: =Q7-R7 -> 3
A8: 2008 | B8: 0.61045 | C8: 7 | G8: ala01 | H8: 2011 | I8: =CONCATENATE(G8,H8) -> ala012011 | J8: 0.58015 | K8: 7 | L8: =L9-J9 -> 5.5898 | M8: 5.5898 | P8: ala21 | Q8: 2013 | R8: 2008 | S8: =Q8-R8 -> 5
A9: 2009 | B9: 0.50205 | C9: 7 | G9: ala01 | H9: 2012 | I9: =CONCATENATE(G9,H9) -> ala012012 | J9: 0.68115 | K9: 7 | L9: =K9-J10 -> 6.27095 | M9: 6.27095 | P9: del01 | Q9: 2013 | R9: 2004 | S9: =Q9-R9 -> 9
A10: 2010 | B10: 0.56505 | C10: 7 | G10: ala01 | H10: 2013 | I10: =CONCATENATE(G10,H10) -> ala012013 | J10: 0.72905 | K10: 7 | M10: 7 | P10: del07 | Q10: 2013 | R10: 2004 | S10: =Q10-R10 -> 9
A11: 2011 | B11: 0.58015 | C11: 7 | H11: ala02 | I11: =CONCATENATE(G11,H11) -> ala02 | J11: 1.1219375 | K11: 6 | M11: 6 | P11: del08 | Q11: 2013 | R11: 2005 | S11: =Q11-R11 -> 8
A12: 2012 | B12: 0.68115 | C12: 7 | G12: ala02 | H12: 2010 | I12: =CONCATENATE(G12,H12) -> ala022010 | J12: 1.04435 | K12: 6 | L12: =L13-J13 -> 2.5566 | M12: 2.5566 | P12: del09 | Q12: 2013 | R12: 2003 | S12: =Q12-R12 -> 10
A13: 2013 | B13: 0.72905 | C13: 7 | G13: ala02 | H13: 2011 | I13: =CONCATENATE(G13,H13) -> ala022011 | J13: 1.0822 | K13: 6 | L13: =L14-J14 -> 3.6388 | M13: 3.6388 | P13: del12 | Q13: 2013 | R13: 2004 | S13: =Q13-R13 -> 9
A14: ala02 | B14: 1.1219375 | C14: 6 | G14: ala02 | H14: 2012 | I14: =CONCATENATE(G14,H14) -> ala022012 | J14: 1.14275 | K14: 6 | L14: =K14-J15 -> 4.78155 | M14: 4.78155 | P14: del20 | Q14: 2013 | R14: 2002 | S14: =Q14-R14 -> 11
A15: 2010 | B15: 1.04435 | C15: 6 | G15: ala02 | H15: 2013 | I15: =CONCATENATE(G15,H15) -> ala022013 | J15: 1.21845 | K15: 6 | M15: 6 | P15: dib01 | Q15: 2013 | R15: 2000 | S15: =Q15-R15 -> 13
A16: 2011 | B16: 1.0822 | C16: 6 | H16: ala08 | I16: =CONCATENATE(G16,H16) -> ala08 | J16: 0.63654444 | K16: 8 | M16: 8 | P16: dib02 | Q16: 2013 | R16: 2003 | S16: =Q16-R16 -> 10
A17: 2012 | B17: 1.14275 | C17: 6 | G17: ala08 | H17: 2005 | I17: =CONCATENATE(G17,H17) -> ala082005 | J17: 0.78205 | K17: 8 | L17: =L18-J18 -> 3.05315 | M17: 3.05315 | P17: dib03 | Q17: 2013 | R17: 2005 | S17: =Q17-R17 -> 8
A18: 2013 | B18: 1.21845 | C18: 6 | G18: ala08 | H18: 2006 | I18: =CONCATENATE(G18,H18) -> ala082006 | J18: 0.56255 | K18: 8 | L18: =L19-J19 -> 3.6157 | M18: 3.6157 | P18: dib04 | Q18: 2013 | R18: 2000 | S18: =Q18-R18 -> 13
A19: ala08 | B19: 0.63654444 | C19: 8 | G19: ala08 | H19: 2007 | I19: =CONCATENATE(G19,H19) -> ala082007 | J19: 0.835 | K19: 8 | L19: =L20-J20 -> 4.4507 | M19: 4.4507 | P19: dib06 | Q19: 2013 | R19: 2004 | S19: =Q19-R19 -> 9
A20: 2005 | B20: 0.78205 | C20: 8 | G20: ala08 | H20: 2008 | I20: =CONCATENATE(G20,H20) -> ala082008 | J20: 0.47675 | K20: 8 | L20: =L21-J21 -> 4.92745 | M20: 4.92745 | P20: dib08 | Q20: 2013 | R20: 2004 | S20: =Q20-R20 -> 9
A21: 2006 | B21: 0.56255 | C21: 8 | G21: ala08 | H21: 2009 | I21: =CONCATENATE(G21,H21) -> ala082009 | J21: 0.81985 | K21: 8 | L21: =L22-J22 -> 5.7473 | M21: 5.7473 | P21: dib15 | Q21: 2013 | R21: 2008 | S21: =Q21-R21 -> 5
A22: 2007 | B22: 0.835 | C22: 8 | G22: ala08 | H22: 2010 | I22: =CONCATENATE(G22,H22) -> ala082010 | J22: 0.6483 | K22: 8 | L22: =L23-J23 -> 6.3956 | M22: 6.3956 | P22: dib16 | Q22: 2013 | R22: 2008 | S22: =Q22-R22 -> 5
A23: 2008 | B23: 0.47675 | C23: 8 | G23: ala08 | H23: 2011 | I23: =CONCATENATE(G23,H23) -> ala082011 | J23: 0.47425 | K23: 8 | L23: =L24-J24 -> 6.86985 | M23: 6.86985 | P23: ras04 | Q23: 2013 | R23: 2000 | S23: =Q23-R23 -> 13
A24: 2009 | B24: 0.81985 | C24: 8 | G24: ala08 | H24: 2012 | I24: =CONCATENATE(G24,H24) -> ala082012 | J24: 0.46165 | K24: 8 | L24: =K24-J25 -> 7.3315 | M24: 7.3315 | P24: ras07 | Q24: 2013 | R24: 2006 | S24: =Q24-R24 -> 7
A25: 2010 | B25: 0.6483 | C25: 8 | G25: ala08 | H25: 2013 | I25: =CONCATENATE(G25,H25) -> ala082013 | J25: 0.6685 | K25: 8 | M25: 8 | P25: ras09 | Q25: 2013 | R25: 2006 | S25: =Q25-R25 -> 7
A26: 2011 | B26: 0.47425 | C26: 8 | H26: ala10 | I26: =CONCATENATE(G26,H26) -> ala10 | J26: 0.57186957 | K26: 8.5 | M26: 8.5 | P26: ras11 | Q26: 2013 | R26: 2001 | S26: =Q26-R26 -> 12
A27: 2012 | B27: 0.46165 | C27: 8 | G27: ala10 | H27: 2002 | I27: =CONCATENATE(G27,H27) -> ala102002 | J27: 0.7265 | K27: 8.5 | L27: =L28-J28 -> 2.28675 | M27: 2.28675 | P27: ras12 | Q27: 2013 | R27: 2000 | S27: =Q27-R27 -> 13
A28: 2013 | B28: 0.6685 | C28: 8 | G28: ala10 | H28: 2003 | I28: =CONCATENATE(G28,H28) -> ala102003 | J28: 0.58275 | K28: 8.5 | L28: =L29-J29 -> 2.8695 | M28: 2.8695 | P28: ras13 | Q28: 2013 | R28: 2002 | S28: =Q28-R28 -> 11
A29: ala10 | B29: 0.57186957 | C29: 8.5 | G29: ala10 | H29: 2004 | I29: =CONCATENATE(G29,H29) -> ala102004 | J29: 0.80975 | K29: 8.5 | L29: =L30-J30 -> 3.67925 | M29: 3.67925 | P29: ras15 | Q29: 2013 | R29: 2004 | S29: =Q29-R29 -> 9
A30: 2002 | B30: 0.7265 | C30: 8.5 | G30: ala10 | H30: 2005 | I30: =CONCATENATE(G30,H30) -> ala102005 | J30: 0.53485 | K30: 8.5 | L30: =L31-J31 -> 4.2141 | M30: 4.2141 | P30: ras16 | Q30: 2013 | R30: 2003 | S30: =Q30-R30 -> 10
A31: 2003 | B31: 0.58275 | C31: 8.5 | G31: ala10 | H31: 2006 | I31: =CONCATENATE(G31,H31) -> ala102006 | J31: 0.5625 | K31: 8.5 | L31: =L32-J32 -> 4.7766 | M31: 4.7766 | P31: ras21 | Q31: 2013 | R31: 2003 | S31: =Q31-R31 -> 10
A32: 2004 | B32: 0.80975 | C32: 8.5 | G32: ala10 | H32: 2007 | I32: =CONCATENATE(G32,H32) -> ala102007 | J32: 0.5197 | K32: 8.5 | L32: =L33-J33 -> 5.2963 | M32: 5.2963 | P32: sad05 | Q32: 2013 | R32: 2003 | S32: =Q32-R32 -> 10
A33: 2005 | B33: 0.53485 | C33: 8.5 | G33: ala10 | H33: 2008 | I33: =CONCATENATE(G33,H33) -> ala102008 | J33: 0.42375 | K33: 8.5 | L33: =L34-J34 -> 5.72005 | M33: 5.72005 | P33: sad07 | Q33: 2013 | R33: 2002 | S33: =Q33-R33 -> 11
A34: 2006 | B34: 0.5625 | C34: 8.5 | G34: ala10 | H34: 2009 | I34: =CONCATENATE(G34,H34) -> ala102009 | J34: 0.56505 | K34: 8.5 | L34: =L35-J35 -> 6.2851 | M34: 6.2851 | P34: sad08 | Q34: 2013 | R34: 2001 | S34: =Q34-R34 -> 12
A35: 2007 | B35: 0.5197 | C35: 8.5 | G35: ala10 | H35: 2010 | I35: =CONCATENATE(G35,H35) -> ala102010 | J35: 0.6635 | K35: 8.5 | L35: =L36-J36 -> 6.9486 | M35: 6.9486 | P35: sad12 | Q35: 2013 | R35: 2000 | S35: =Q35-R35 -> 13
A36: 2008 | B36: 0.42375 | C36: 8.5 | G36: ala10 | H36: 2011 | I36: =CONCATENATE(G36,H36) -> ala102011 | J36: 0.47175 | K36: 8.5 | L36: =L37-J37 -> 7.42035 | M36: 7.42035 | P36: sad13 | Q36: 2013 | R36: 2002 | S36: =Q36-R36 -> 11
A37: 2009 | B37: 0.56505 | C37: 8.5 | G37: ala10 | H37: 2012 | I37: =CONCATENATE(G37,H37) -> ala102012 | J37: 0.6054 | K37: 8.5 | L37: =K37-J38 -> 8.02575 | M37: 8.02575 | P37: sad14 | Q37: 2013 | R37: 2010 | S37: =Q37-R37 -> 3
A38: 2010 | B38: 0.6635 | C38: 8.5 | G38: ala10 | H38: 2013 | I38: =CONCATENATE(G38,H38) -> ala102013 | J38: 0.47425 | K38: 8.5 | M38: 8.5 | P38: sad15 | Q38: 2013 | R38: 2000 | S38: =Q38-R38 -> 13
A39: 2011 | B39: 0.47175 | C39: 8.5 | H39: ala12 | I39: =CONCATENATE(G39,H39) -> ala12 | J39: 0.65516071 | K39: 13.5 | M39: 13.5 | P39: sad22 | Q39: 2013 | R39: 2004 | S39: =Q39-R39 -> 9
A40: 2012 | B40: 0.6054 | C40: 8.5 | G40: ala12 | H40: 2000 | I40: =CONCATENATE(G40,H40) -> ala122000 | J40: 0.613 | K40: 13.5 | L40: =L41-J41 -> 4.94075 | M40: 4.94075
A41: 2013 | B41: 0.47425 | C41: 8.5 | G41: ala12 | H41: 2001 | I41: =CONCATENATE(G41,H41) -> ala122001 | J41: 0.7265 | K41: 13.5 | L41: =L42-J42 -> 5.66725 | M41: 5.66725
A42: ala12 | B42: 0.65516071 | C42: 13.5 | G42: ala12 | H42: 2002 | I42: =CONCATENATE(G42,H42) -> ala122002 | J42: 0.6559 | K42: 13.5 | L42: =L43-J43 -> 6.32315 | M42: 6.32315
A43: 2000 | B43: 0.613 | C43: 13.5 | G43: ala12 | H43: 2003 | I43: =CONCATENATE(G43,H43) -> ala122003 | J43: 1.15535 | K43: 13.5 | L43: =L44-J44 -> 7.4785 | M43: 7.4785
A44: 2001 | B44: 0.7265 | C44: 13.5 | G44: ala12 | H44: 2004 | I44: =CONCATENATE(G44,H44) -> ala122004 | J44: 0.9031 | K44: 13.5 | L44: =L45-J45 -> 8.3816 | M44: 8.3816
A45: 2002 | B45: 0.6559 | C45: 13.5 | G45: ala12 | H45: 2005 | I45: =CONCATENATE(G45,H45) -> ala122005 | J45: 0.9939 | K45: 13.5 | L45: =L46-J46 -> 9.3755 | M45: 9.3755
A46: 2003 | B46: 1.15535 | C46: 13.5 | G46: ala12 | H46: 2006 | I46: =CONCATENATE(G46,H46) -> ala122006 | J46: 0.87535 | K46: 13.5 | L46: =L47-J47 -> 10.25085 | M46: 10.25085
A47: 2004 | B47: 0.9031 | C47: 13.5 | G47: ala12 | H47: 2007 | I47: =CONCATENATE(G47,H47) -> ala122007 | J47: 0.51965 | K47: 13.5 | L47: =L48-J48 -> 10.7705 | M47: 10.7705
A48: 2005 | B48: 0.9939 | C48: 13.5 | G48: ala12 | H48: 2008 | I48: =CONCATENATE(G48,H48) -> ala122008 | J48: 0.42635 | K48: 13.5 | L48: =L49-J49 -> 11.19685 | M48: 11.19685
A49: 2006 | B49: 0.87535 | C49: 13.5 | G49: ala12 | H49: 2009 | I49: =CONCATENATE(G49,H49) -> ala122009 | J49: 0.386 | K49: 13.5 | L49: =L50-J50 -> 11.58285 | M49: 11.58285
A50: 2007 | B50: 0.51965 | C50: 13.5 | G50: ala12 | H50: 2010 | I50: =CONCATENATE(G50,H50) -> ala122010 | J50: 0.57765 | K50: 13.5 | L50: =L51-J51 -> 12.1605 | M50: 12.1605
A51: 2008 | B51: 0.42635 | C51: 13.5 | G51: ala12 | H51: 2011 | I51: =CONCATENATE(G51,H51) -> ala122011 | J51: 0.29005 | K51: 13.5 | L51: =L52-J52 -> 12.45055 | M51: 12.45055
A52: 2009 | B52: 0.386 | C52: 13.5 | G52: ala12 | H52: 2012 | I52: =CONCATENATE(G52,H52) -> ala122012 | J52: 0.44405 | K52: 13.5 | L52: =K52-J53 -> 12.8946 | M52: 12.8946
A53: 2010 | B53: 0.57765 | C53: 13.5 | G53: ala12 | H53: 2013 | I53: =CONCATENATE(G53,H53) -> ala122013 | J53: 0.6054 | K53: 13.5 | M53: 13.5
A54: 2011 | B54: 0.29005 | C54: 13.5 | H54: ala14 | I54: =CONCATENATE(G54,H54) -> ala14 | J54: 0.9718375 | K54: 6 | M54: 6
A55: 2012 | B55: 0.44405 | C55: 13.5 | G55: ala14 | H55: 2010 | I55: =CONCATENATE(G55,H55) -> ala142010 | J55: 1.03935 | K55: 6 | L55: =L56-J56 -> 3.152 | M55: 3.152
A56: 2013 | B56: 0.6054 | C56: 13.5 | G56: ala14 | H56: 2011 | I56: =CONCATENATE(G56,H56) -> ala142011 | J56: 0.75425 | K56: 6 | L56: =L57-J57 -> 3.90625 | M56: 3.90625
A57: ala14 | B57: 0.9718375 | C57: 6 | G57: ala14 | H57: 2012 | I57: =CONCATENATE(G57,H57) -> ala142012 | J57: 0.95105 | K57: 6 | L57: =K57-J58 -> 4.8573 | M57: 4.8573
A58: 2010 | B58: 1.03935 | C58: 6 | G58: ala14 | H58: 2013 | I58: =CONCATENATE(G58,H58) -> ala142013 | J58: 1.1427 | K58: 6 | M58: 6
A59: 2011 | B59: 0.75425 | C59: 6 | H59: ala21 | I59: =CONCATENATE(G59,H59) -> ala21 | J59: 0.63403333 | K59: 5 | M59: 5
A60: 2012 | B60: 0.95105 | C60: 6 | G60: ala21 | H60: 2008 | I60: =CONCATENATE(G60,H60) -> ala212008 | J60: 0.78305 | K60: 5 | L60: =L61-J61 -> 1.97885 | M60: 1.97885
A61: 2013 | B61: 1.1427 | C61: 6 | G61: ala21 | H61: 2009 | I61: =CONCATENATE(G61,H61) -> ala212009 | J61: 0.4772 | K61: 5 | L61: =L62-J62 -> 2.45605 | M61: 2.45605
A62: ala21 | B62: 0.63403333 | C62: 5 | G62: ala21 | H62: 2010 | I62: =CONCATENATE(G62,H62) -> ala212010 | J62: 0.6804 | K62: 5 | L62: =L63-J63 -> 3.13645 | M62: 3.13645
A63: 2008 | B63: 0.78305 | C63: 5 | G63: ala21 | H63: 2011 | I63: =CONCATENATE(G63,H63) -> ala212011 | J63: 0.63545 | K63: 5 | L63: =L64-J64 -> 3.7719 | M63: 3.7719
A64: 2009 | B64: 0.4772 | C64: 5 | G64: ala21 | H64: 2012 | I64: =CONCATENATE(G64,H64) -> ala212012 | J64: 0.5776 | K64: 5 | L64: =K64-J65 -> 4.3495 | M64: 4.3495
A65: 2010 | B65: 0.6804 | C65: 5 | G65: ala21 | H65: 2013 | I65: =CONCATENATE(G65,H65) -> ala212013 | J65: 0.6505 | K65: 5 | M65: 5
A66: 2011 | B66: 0.63545 | C66: 5 | H66: del01 | I66: =CONCATENATE(G66,H66) -> del01 | J66: 0.54780526 | K66: 7 | M66: 7
A67: 2012 | B67: 0.5776 | C67: 5 | G67: del01 | H67: 2004 | I67: =CONCATENATE(G67,H67) -> del012004 | J67: 0.3456 | K67: 7 | L67: =L68-J68 -> 1.98505 | M67: 1.98505
A68: 2013 | B68: 0.6505 | C68: 5 | G68: del01 | H68: 2005 | I68: =CONCATENATE(G68,H68) -> del012005 | J68: 0.48935 | K68: 7 | L68: =L69-J69 -> 2.4744 | M68: 2.4744
A69: del01 | B69: 0.54780526 | C69: 7 | G69: del01 | H69: 2006 | I69: =CONCATENATE(G69,H69) -> del012006 | J69: 0.41625 | K69: 7 | L69: =L70-J70 -> 2.89065 | M69: 2.89065
A70: 2004 | B70: 0.3456 | C70: 7 | G70: del01 | H70: 2007 | I70: =CONCATENATE(G70,H70) -> del012007 | J70: 0.7871 | K70: 7 | L70: =L71-J71 -> 3.67775 | M70: 3.67775
A71: 2005 | B71: 0.48935 | C71: 7 | G71: del01 | H71: 2008 | I71: =CONCATENATE(G71,H71) -> del012008 | J71: 0.54995 | K71: 7 | L71: =L72-J72 -> 4.2277 | M71: 4.2277
A72: 2006 | B72: 0.41625 | C72: 7 | G72: del01 | H72: 2009 | I72: =CONCATENATE(G72,H72) -> del012009 | J72: 0.8854 | K72: 7 | L72: =L73-J73 -> 5.1131 | M72: 5.1131
A73: 2007 | B73: 0.7871 | C73: 7 | G73: del01 | H73: 2010 | I73: =CONCATENATE(G73,H73) -> del012010 | J73: 0.3633 | K73: 7 | L73: =L74-J74 -> 5.4764 | M73: 5.4764
A74: 2008 | B74: 0.54995 | C74: 7 | G74: del01 | H74: 2011 | I74: =CONCATENATE(G74,H74) -> del012011 | J74: 0.53725 | K74: 7 | L74: =L75-J75 -> 6.01365 | M74: 6.01365
A75: 2009 | B75: 0.8854 | C75: 7 | G75: del01 | H75: 2012 | I75: =CONCATENATE(G75,H75) -> del012012 | J75: 0.67355 | K75: 7 | L75: =K75-J76 -> 6.6872 | M75: 6.6872
A76: 2010 | B76: 0.3633 | C76: 7 | G76: del01 | H76: 2013 | I76: =CONCATENATE(G76,H76) -> del012013 | J76: 0.3128 | K76: 7 | M76: 7
A77: 2011 | B77: 0.53725 | C77: 7 | H77: del07 | I77: =CONCATENATE(G77,H77) -> del07 | J77: 0.60779 | K77: 10 | M77: 10
A78: 2012 | B78: 0.67355 | C78: 7 | G78: del07 | H78: 2004 | I78: =CONCATENATE(G78,H78) -> del072004 | J78: 0.6104 | K78: 10 | L78: =L79-J79 -> 4.5325 | M78: 4.5325
A79: 2013 | B79: 0.3128 | C79: 7 | G79: del07 | H79: 2005 | I79: =CONCATENATE(G79,H79) -> del072005 | J79: 0.763 | K79: 10 | L79: =L80-J80 -> 5.2955 | M79: 5.2955
A80: del07 | B80: 0.60779 | C80: 10 | G80: del07 | H80: 2006 | I80: =CONCATENATE(G80,H80) -> del072006 | J80: 0.4115 | K80: 10 | L80: =L81-J81 -> 5.707 | M80: 5.707
A81: 2004 | B81: 0.6104 | C81: 10 | G81: del07 | H81: 2007 | I81: =CONCATENATE(G81,H81) -> del072007 | J81: 0.65195 | K81: 10 | L81: =L82-J82 -> 6.35895 | M81: 6.35895
A82: 2005 | B82: 0.763 | C82: 10 | G82: del07 | H82: 2008 | I82: =CONCATENATE(G82,H82) -> del072008 | J82: 0.43865 | K82: 10 | L82: =L83-J83 -> 6.7976 | M82: 6.7976
A83: 2006 | B83: 0.4115 | C83: 10 | G83: del07 | H83: 2009 | I83: =CONCATENATE(G83,H83) -> del072009 | J83: 0.81385 | K83: 10 | L83: =L84-J84 -> 7.61145 | M83: 7.61145
A84: 2007 | B84: 0.65195 | C84: 10 | G84: del07 | H84: 2010 | I84: =CONCATENATE(G84,H84) -> del072010 | J84: 0.5596 | K84: 10 | L84: =L85-J85 -> 8.17105 | M84: 8.17105
A85: 2008 | B85: 0.43865 | C85: 10 | G85: del07 | H85: 2011 | I85: =CONCATENATE(G85,H85) -> del072011 | J85: 0.57695 | K85: 10 | L85: =L86-J86 -> 8.748 | M85: 8.748
A86: 2009 | B86: 0.81385 | C86: 10 | G86: del07 | H86: 2012 | I86: =CONCATENATE(G86,H86) -> del072012 | J86: 0.55495 | K86: 10 | L86: =K86-J87 -> 9.30295 | M86: 9.30295
A87: 2010 | B87: 0.5596 | C87: 10 | G87: del07 | H87: 2013 | I87: =CONCATENATE(G87,H87) -> del072013 | J87: 0.69705 | K87: 10 | M87: 10
A88: 2011 | B88: 0.57695 | C88: 10 | H88: del08 | I88: =CONCATENATE(G88,H88) -> del08 | J88: 0.77864667 | K88: 8 | M88: 8
A89: 2012 | B89: 0.55495 | C89: 10 | G89: del08 | H89: 2005 | I89: =CONCATENATE(G89,H89) -> del082005 | J89: 0.4238 | K89: 8 | L89: =L90-J90 -> 1.96845 | M89: 1.96845
A90: 2013 | B90: 0.69705 | C90: 10 | G90: del08 | H90: 2006 | I90: =CONCATENATE(G90,H90) -> del082006 | J90: 0.4944 | K90: 8 | L90: =L91-J91 -> 2.46285 | M90: 2.46285
A91: del08 | B91: 0.77864667 | C91: 8 | G91: del08 | H91: 2007 | I91: =CONCATENATE(G91,H91) -> del082007 | J91: 0.3128 | K91: 8 | L91: =L92-J92 -> 2.77565 | M91: 2.77565
A92: 2005 | B92: 0.4238 | C92: 8 | G92: del08 | H92: 2008 | I92: =CONCATENATE(G92,H92) -> del082008 | J92: 1.15535 | K92: 8 | L92: =L93-J93 -> 3.931 | M92: 3.931
A93: 2006 | B93: 0.4944 | C93: 8 | G93: del08 | H93: 2009 | I93: =CONCATENATE(G93,H93) -> del082009 | J93: 0.9334 | K93: 8 | L93: =L94-J94 -> 4.8644 | M93: 4.8644
A94: 2007 | B94: 0.3128 | C94: 8 | G94: del08 | H94: 2010 | I94: =CONCATENATE(G94,H94) -> del082010 | J94: 0.99895 | K94: 8 | L94: =L95-J95 -> 5.86335 | M94: 5.86335
A95: 2008 | B95: 1.15535 | C95: 8 | G95: del08 | H95: 2011 | I95: =CONCATENATE(G95,H95) -> del082011 | J95: 0.69875 | K95: 8 | L95: =L96-J96 -> 6.5621 | M95: 6.5621
A96: 2009 | B96: 0.9334 | C96: 8 | G96: del08 | H96: 2012 | I96: =CONCATENATE(G96,H96) -> del082012 | J96: 0.6811 | K96: 8 | L96: =K96-J97 -> 7.2432 | M96: 7.2432
A97: 2010 | B97: 0.99895 | C97: 8 | G97: del08 | H97: 2013 | I97: =CONCATENATE(G97,H97) -> del082013 | J97: 0.7568 | K97: 8 | M97: 8
A98: 2011 | B98: 0.69875 | C98: 8 | H98: del09 | I98: =CONCATENATE(G98,H98) -> del09 | J98: 0.43297727 | K98: 6 | M98: 6
A99: 2012 | B99: 0.6811 | C99: 8 | G99: del09 | H99: 2003 | I99: =CONCATENATE(G99,H99) -> del092003 | J99: 0.38095 | K99: 6 | L99: =L100-J100 -> 1.6182 | M99: 1.6182
A100: 2013 | B100: 0.7568 | C100: 8 | G100: del09 | H100: 2004 | I100: =CONCATENATE(G100,H100) -> del092004 | J100: 0.42125 | K100: 6 | L100: =L101-J101 -> 2.03945 | M100: 2.03945
...
